epsilon,tau,reg_m,coord_scale,pot_cost,pot_time_s,pot_ok,ott_cost,ott_time_s,ott_ok,ott_converged,cost_ratio,cost_pct_diff
1e-06,0.99999990000001,10.0,0.001736111111111111,3.18351284777708e-07,2.6551027297973633,True,18.265652876864646,13.942582607269287,True,False,57375778.73957325,5737577773.957325
1e-05,0.9999990000010001,10.0,0.001736111111111111,5.0629282548841325e-05,2.3319849967956543,True,34.08125210122302,2.851701498031616,True,False,673152.9736441622,67315197.36441621
0.0001,0.999990000099999,10.0,0.001736111111111111,37.09036963234193,26.753639221191406,True,37.1673316685458,2.827192783355713,True,False,1.002074987037518,0.20749870375181556
0.001,0.9999000099990002,10.0,0.001736111111111111,46.007992333818976,26.203813076019287,True,46.011784607680426,2.871084213256836,True,False,1.0000824264148267,0.008242641482667307
0.01,0.999000999000999,10.0,0.001736111111111111,98.78173991076582,25.869977235794067,True,99.59384391183801,2.87538480758667,True,False,1.0082211955550267,0.822119555502664
0.1,0.9900990099009901,10.0,0.001736111111111111,300.31594738504737,11.92026162147522,True,326.85446956464585,2.2155606746673584,True,True,1.0883686744266443,8.83686744266443
