case_name,epsilon,OTT,POT,cost_pct_diff
cross_embryo_control,1e-05,38.02215611604696,5.4402760246788366e-05,69890023.11795627
cross_embryo_control,0.0001,41.583903771127524,41.50554082924884,0.18880115838284697
identity_control,1e-05,0.10058438887799909,0.1043953901003881,3.6505455065825267
identity_control,0.0001,1.111919384687172,1.1156779202461047,0.33688356565339206
