case_name,backend,epsilon,reg_m,runtime_sec,cost,vel_p50,vel_p90,vel_p99,created_mass_pct,destroyed_mass_pct,proportion_transported
cross_embryo_control,OTT,1e-05,10.0,2.663238286972046,38.02215611604696,0.0,0.0,278.24660491943433,0.5752225811523716,0.01868551203357094,1.0466571443495436
cross_embryo_control,POT,1e-05,10.0,1.658055305480957,5.4402760246788366e-05,0.0,0.0,715.3040710449284,99.9523109930763,99.95444562550914,0.0004768374658640013
cross_embryo_control,OTT,0.0001,10.0,7.8172149658203125,41.583903771127524,0.0,0.0,295.4521286010749,0.0,0.021405085600999366,1.0466610043988978
cross_embryo_control,POT,0.0001,10.0,13.70529055595398,41.50554082924884,0.0,0.0,293.5702896118174,0.0,0.2815964582797643,1.0465809785106495
identity_control,OTT,1e-05,10.0,2.6660919189453125,0.10058438887799909,0.0,0.0,2.931513524055491,0.008853256050604955,0.00020264440686406342,0.9999985243299513
identity_control,POT,1e-05,10.0,13.724771738052368,0.1043953901003881,0.0,0.0,2.9101321458816716,6.255719923984515e-06,0.00010735246056931253,0.9999999887489819
identity_control,OTT,0.0001,10.0,2.6624369621276855,1.111919384687172,0.0,0.0,4.736562061309821,8.315335183394189e-05,5.946577923672316e-05,1.0000019361823755
identity_control,POT,0.0001,10.0,13.71082329750061,1.1156779202461047,0.0,0.0,4.743952584266756,6.869173904284179e-05,0.000130609467337567,0.999999481196441
