offset,sa_max,hill_coeff,inflection_point
399860.5736062246,999787.7465189137,1.7877121771655091,30.188168811144394
