{
  "embryo_id": "20251212_H07_e01",
  "frame_index": 90,
  "genotype": "cep290_wildtype",
  "matched_stage_hpf": 47.8071846890625,
  "curvature_median": 0.0004536426985428,
  "coverage_frac": 1.0,
  "set_rank": 1
}