genotype,metric,n_embryos,n_samples,mean,std,sem,median,min,max,q25,q75
WT,arc_length_ratio,18,502,1.0059547184807598,0.005057256163555925,0.0002257163889810181,1.0043890089882592,1.000332837258167,1.050210848770072,1.002439718105201,1.0079160687907662
WT,normalized_baseline_deviation,18,502,0.012334643867471504,0.005812316936970087,0.00025941640055338516,0.01190435731904045,0.0016128371236026947,0.04548025550052754,0.008053723697071496,0.014698000031218645
Het,arc_length_ratio,25,501,1.0145502435474298,0.026933015107037755,0.0012032783750305727,1.0059880847744465,1.0001199664982856,1.1784387998518535,1.0036489886493227,1.0104688877714745
Het,normalized_baseline_deviation,25,501,0.02019975703744531,0.028493604919924007,0.00127300038597796,0.01089363471782749,0.0025740164926071475,0.14146897506080133,0.007773016794449311,0.016417047800029217
Homo,arc_length_ratio,35,1763,1.085847493217608,0.15604863091070875,0.00371649717135337,1.0378853859034862,1.00037171731847,2.9256720783111065,1.013189720528417,1.0926911951702283
Homo,normalized_baseline_deviation,35,1763,0.062842121440127,0.0423019121567385,0.001007473990356993,0.05625405395115668,0.003130091652757132,0.2163437164658106,0.02566445317683409,0.09135993955982966
